优化器,训练轮次,最终训练损失,最终验证损失,RMSE,相关系数,CR准确度(%)
Adam,194,0.0014393391270344274,0.0019111006177793528,0.070090748427482,0.963950889894542,78.38330676251745
SGD (标准梯度下降),10000,0.0028083440703208554,0.0031434016469049576,0.07728736395461003,0.9531473339872892,73.85586822251913
