隐藏层大小,训练轮次,最终训练损失,最终验证损失,RMSE,相关系数,CR准确度(%)
8,241,0.001347723529904673,0.0018458652093779123,0.06851592926568661,0.9636210384473166,77.72588750125533
16,194,0.0014393391270344274,0.0019111006177793528,0.070090748427482,0.963950889894542,78.38330676251745
32,192,0.0012418511317197865,0.0018484203193805063,0.06985961573861955,0.9625000621660028,77.61289955481351
