预测时间点,RMSE,相关系数,CR准确度(%)
15分钟后,0.070090748427482,0.963950889894542,78.38330676251745
1小时后,0.11142993411686215,0.9045661652385479,65.48209684383004
4小时后,0.1872645125462915,0.707120498479391,48.267493061928235
