{
  "average_cr": 58.513662973730995,
  "overall_cr": 56.71758433596589,
  "max_cr": 85.50819311756939,
  "min_cr": 41.28692761405339,
  "std_cr": 12.339017216012246,
  "median_cr": 56.672702671864585,
  "individual_cr_values": [
    85.50819311756939,
    77.50574788911531,
    72.2253380647512,
    68.5794618158224,
    65.2571331341417,
    62.42077340444617,
    59.79716641932904,
    57.743261526087544,
    55.60214381764163,
    53.44135060600287,
    51.489580095538024,
    49.385755962877084,
    47.41961144667376,
    45.351105628075835,
    43.205057037570505,
    41.28692761405339
  ]
}