{
  "overall_metrics": {
    "rmse": 0.12707494128712385,
    "mae": 0.0881371743850374,
    "cr": 56.71758433596589
  },
  "average_metrics": {
    "rmse": 0.12209434854014736,
    "mae": 0.0881371743850374,
    "cr": 58.513662973730995
  },
  "rmse_stats": {
    "max": 0.16973412304003715,
    "min": 0.043315383436905545,
    "std": 0.03522798259456524,
    "median": 0.12807002876078988,
    "max_at_point": 16,
    "min_at_point": 1
  },
  "mae_stats": {
    "max": 0.12662816158365015,
    "min": 0.027643490830481985,
    "std": 0.027799999886124256,
    "median": 0.0925531460739324,
    "max_at_point": 16,
    "min_at_point": 1
  },
  "cr_stats": {
    "max": 85.50819311756939,
    "min": 41.28692761405339,
    "std": 12.339017216012246,
    "median": 56.672702671864585,
    "max_at_point": 1,
    "min_at_point": 16
  },
  "individual_values": {
    "rmse": [
      0.043315383436905545,
      0.06736458480870743,
      0.08370534592009919,
      0.0944675661336783,
      0.10320009158486641,
      0.11109518548368609,
      0.11800951211180871,
      0.12472994660680543,
      0.13141011091477434,
      0.13724366997972057,
      0.1429622196507149,
      0.14853622712693734,
      0.1540729611628813,
      0.1590947492556405,
      0.16456789942509456,
      0.16973412304003715
    ],
    "mae": [
      0.027643490830481985,
      0.04473098626246748,
      0.05764710969753756,
      0.06590675674196578,
      0.07289914645238126,
      0.07892385234980831,
      0.08414038865710033,
      0.08978449064306855,
      0.09532180150479626,
      0.09971628681902099,
      0.10421017516298146,
      0.10844269160505213,
      0.11383983045524979,
      0.1179152004178231,
      0.1224444209772134,
      0.12662816158365015
    ],
    "cr": [
      85.50819311756939,
      77.50574788911531,
      72.2253380647512,
      68.5794618158224,
      65.2571331341417,
      62.42077340444617,
      59.79716641932904,
      57.743261526087544,
      55.60214381764163,
      53.44135060600287,
      51.489580095538024,
      49.385755962877084,
      47.41961144667376,
      45.351105628075835,
      43.205057037570505,
      41.28692761405339
    ]
  }
}