{
  "overall_comparison": {
    "stage1_overall": {
      "rmse": 0.1368741736918105,
      "mae": 0.09882374411052944,
      "cr": 55.93851976367969
    },
    "stage2_overall": {
      "rmse": 0.12816410376427131,
      "mae": 0.09002605891152797,
      "cr": 57.087265977811576
    },
    "improvement": {
      "rmse_change_percent": -6.3635598247709035,
      "mae_change_percent": -8.902400205725558,
      "cr_change_points": 1.148746214131883
    }
  },
  "by_point_comparison": {
    "horizon": [
      1,
      2,
      3,
      4,
      5,
      6,
      7,
      8,
      9,
      10,
      11,
      12,
      13,
      14,
      15,
      16
    ],
    "stage1_rmse": [
      0.05554419863856781,
      0.08117254378497012,
      0.09514462190890323,
      0.10434541674663524,
      0.11284310121722192,
      0.11911807333963569,
      0.12709039779792036,
      0.13399167552841446,
      0.13904898041997962,
      0.14628015031423283,
      0.1513504043924438,
      0.1603271360143647,
      0.16342541586957726,
      0.17148666263074988,
      0.17524075569180167,
      0.18149519381012647
    ],
    "stage2_rmse": [
      0.044758192806925154,
      0.0691336048264825,
      0.08480528418376543,
      0.09548221275817748,
      0.10390599914790957,
      0.11157005265971603,
      0.1184438185593577,
      0.12565739351598104,
      0.13288601231964886,
      0.13818595666711392,
      0.1442435818436208,
      0.1491196711902406,
      0.15398201183381718,
      0.16010370795692982,
      0.16802522209167156,
      0.17114010901361054
    ],
    "rmse_change_percent": [
      -19.418780171496188,
      -14.831294421891394,
      -10.866970216180228,
      -8.494099946889676,
      -7.919936595954158,
      -6.33658727706109,
      -6.8034874297200005,
      -6.219999846681546,
      -4.432228184425591,
      -5.533350649237989,
      -4.695608563023967,
      -6.990372997818628,
      -5.778418237770588,
      -6.637807570102505,
      -4.117497423270744,
      -5.705431961657914
    ],
    "stage1_cr": [
      83.73432212123708,
      75.48378654474088,
      70.7528799042119,
      67.34230025340067,
      64.54299904096467,
      61.9507436856196,
      59.17268942249467,
      57.26820205818842,
      55.03940725999428,
      52.8354758933136,
      51.16142492589443,
      47.86928155025535,
      46.66958559821597,
      44.438115662964925,
      42.77097361689395,
      40.65284682858654
    ],
    "stage2_cr": [
      85.5514018211542,
      77.21852027515928,
      72.22170515570538,
      68.61114397725949,
      65.60262249036714,
      62.85175792868844,
      60.77000873950493,
      58.393287892456456,
      55.78072118458183,
      54.223080923377594,
      52.13577367025288,
      50.21340758721783,
      48.11887261653983,
      45.76598508031309,
      43.062597216201894,
      41.25731997703234
    ],
    "cr_change_points": [
      1.817079699917116,
      1.734733730418398,
      1.4688252514934845,
      1.2688437238588222,
      1.0596234494024657,
      0.9010142430688433,
      1.5973193170102604,
      1.1250858342680345,
      0.7413139245875513,
      1.3876050300639946,
      0.9743487443584513,
      2.3441260369624786,
      1.449287018323865,
      1.327869417348161,
      0.2916235993079468,
      0.6044731484457984
    ]
  },
  "feature_reduction": {
    "original_features": 96,
    "selected_features": 8,
    "reduction_percent": 91.66666666666666
  },
  "training_efficiency": {
    "stage1_avg_iterations": 89.3125,
    "stage2_avg_iterations": 83.5625,
    "iteration_change_percent": -6.4380685794261705
  },
  "summary_statistics": {
    "avg_rmse_change_percent": -7.798866968323889,
    "avg_cr_change_points": 1.2558232605522295,
    "models_improved_rmse": 16,
    "models_improved_cr": 16,
    "best_improvement_model": 1,
    "worst_improvement_model": 15
  }
}