{
  "step_wise_metrics": {
    "step": [
      1,
      2,
      3,
      4,
      5,
      6,
      7,
      8,
      9,
      10,
      11,
      12,
      13,
      14,
      15,
      16
    ],
    "MSE": [
      0.0017948801396414638,
      0.004412011243402958,
      0.00674775755032897,
      0.008664515800774097,
      0.01039555948227644,
      0.012023854069411755,
      0.013858714140951633,
      0.015682606026530266,
      0.017379429191350937,
      0.019117571413517,
      0.020989973098039627,
      0.022822683677077293,
      0.02464526891708374,
      0.026235902681946754,
      0.02825036458671093,
      0.030292991548776627
    ],
    "MAE": [
      0.027363967150449753,
      0.04408789426088333,
      0.05580231547355652,
      0.06427847594022751,
      0.0714406669139862,
      0.07802364975214005,
      0.08372170478105545,
      0.08933568745851517,
      0.0941101685166359,
      0.09967008233070374,
      0.10503581911325455,
      0.11006245017051697,
      0.11483953893184662,
      0.11897838860750198,
      0.12351848930120468,
      0.12781919538974762
    ],
    "CR": [
      85.93892415023659,
      78.49660432553809,
      73.92263375576292,
      70.65344482841212,
      67.81524288986289,
      65.19016772872581,
      63.520715989729084,
      61.75193228814172,
      59.90374011481173,
      58.21135894822251,
      56.597925880422764,
      55.08741602810354,
      53.468435376652025,
      51.567959710643386,
      50.1077545135822,
      48.64870835983896
    ]
  },
  "feature_summary": {
    "total_features": 57,
    "feature_categories": {
      "original": 1,
      "lag": 8,
      "ramp": 9,
      "other": 3,
      "statistical": 30,
      "anomaly": 4,
      "trend": 2
    },
    "feature_engineering_enabled": true
  },
  "training_info": {
    "best_validation_cr": 65.6750681019435,
    "final_validation_cr": 58.126938975361696,
    "total_epochs": 26,
    "early_stopping_criterion": "CR_based",
    "stepwise_cr_saved": true
  },
  "model_info": {
    "total_parameters": 362800,
    "trainable_parameters": 362800,
    "model_size_mb": 1.38397216796875,
    "parameter_distribution": {
      "lstm": 227840,
      "attention": 66048,
      "fc_layers": 67984,
      "residual_fc": 928
    }
  },
  "model_config": {
    "seq_length": 96,
    "pred_length": 16,
    "hidden_size": 128,
    "num_layers": 2,
    "dropout": 0.3,
    "batch_size": 128,
    "learning_rate": 0.01,
    "loss_function": "HuberLoss",
    "huber_delta": 1.0
  }
}