{
  "model_info": {
    "model_type": "PatchTST",
    "patch_length": 8,
    "patch_count": 23,
    "d_model": 64,
    "nhead": 8,
    "num_layers": 2,
    "total_params": 132752,
    "input_features": 57
  },
  "overall_metrics": {
    "MSE": 0.015936223790049553,
    "RMSE": 0.12623876333236694,
    "MAE": 0.08620420098304749,
    "CR": 57.13980043191975
  },
  "step_wise_metrics": {
    "step": [
      1,
      2,
      3,
      4,
      5,
      6,
      7,
      8,
      9,
      10,
      11,
      12,
      13,
      14,
      15,
      16
    ],
    "MSE": [
      0.001739806029945612,
      0.004406581167131662,
      0.00689928000792861,
      0.008921794593334198,
      0.01065888348966837,
      0.012266246601939201,
      0.013864025473594666,
      0.0154466787353158,
      0.01705831289291382,
      0.018609067425131798,
      0.020254477858543396,
      0.02184552699327469,
      0.023299267515540123,
      0.024846063926815987,
      0.02656032331287861,
      0.02830325812101364
    ],
    "MAE": [
      0.02633252739906311,
      0.04312662035226822,
      0.055140890181064606,
      0.0637374296784401,
      0.07150688022375107,
      0.07788126915693283,
      0.08308789134025574,
      0.08854556083679199,
      0.09307918697595596,
      0.09748085588216782,
      0.10201360285282135,
      0.10637305676937103,
      0.1108848825097084,
      0.11545592546463013,
      0.12017583101987839,
      0.12444482743740082
    ],
    "CR": [
      85.9657544349862,
      77.97506030616093,
      72.55261090309287,
      68.99664851367436,
      65.51867439464844,
      62.423844499209366,
      59.7270668912339,
      57.48804410440134,
      55.47782449197616,
      53.71488200684386,
      51.81830928283857,
      50.19611241682196,
      48.22730844376727,
      46.15416127647042,
      44.0926754207697,
      42.264708957484174
    ]
  },
  "training_info": {
    "best_validation_cr": 64.41256688252865,
    "best_epoch": 46,
    "total_epochs": 46,
    "final_lr": 0.00125,
    "early_stopping_criterion": "CR_based"
  },
  "hyperparameters": {
    "seq_length": 96,
    "pred_length": 16,
    "patch_len": 8,
    "batch_size": 64,
    "learning_rate": 0.01,
    "dropout": 0.15
  }
}