{
  "model_info": {
    "model_type": "iTransformer",
    "d_model": 64,
    "nhead": 8,
    "num_layers": 2,
    "dim_feedforward": 256,
    "total_params": 107216,
    "input_features": 57
  },
  "overall_metrics": {
    "MSE": 0.01833293028175831,
    "RMSE": 0.13539914786815643,
    "MAE": 0.09698109328746796,
    "CR": 52.54033568175209
  },
  "step_wise_metrics": {
    "step": [
      1,
      2,
      3,
      4,
      5,
      6,
      7,
      8,
      9,
      10,
      11,
      12,
      13,
      14,
      15,
      16
    ],
    "MSE": [
      0.004241473041474819,
      0.0070169284008443356,
      0.009056366980075836,
      0.011050572618842125,
      0.012688497081398964,
      0.01466742530465126,
      0.01622970961034298,
      0.017969097942113876,
      0.01955552026629448,
      0.020761536434292793,
      0.023223673924803734,
      0.02454199269413948,
      0.02561454102396965,
      0.027311155572533607,
      0.028942251577973366,
      0.030456120148301125
    ],
    "MAE": [
      0.04619886353611946,
      0.05927380174398422,
      0.06805060803890228,
      0.07604143768548965,
      0.08175450563430786,
      0.08825402706861496,
      0.09294939786195755,
      0.09936544299125671,
      0.10321328043937683,
      0.10710898786783218,
      0.11307568103075027,
      0.11638692021369934,
      0.11872317641973495,
      0.12311667948961258,
      0.12719205021858215,
      0.13099251687526703
    ],
    "CR": [
      76.85652225281208,
      70.7207513363328,
      66.70851420834585,
      63.192031221743406,
      60.34586202655123,
      57.55525503010783,
      55.95352336659456,
      53.12422659066676,
      51.41405641585133,
      49.74664477837438,
      46.72467528193754,
      45.46006893565898,
      44.03839889314416,
      41.72885850883882,
      39.96347751391035,
      38.02609196044219
    ]
  },
  "training_info": {
    "best_validation_cr": 58.366891575951605,
    "best_epoch": 84,
    "total_epochs": 84,
    "final_lr": 6.25e-06,
    "early_stopping_criterion": "CR_based"
  },
  "hyperparameters": {
    "seq_length": 96,
    "pred_length": 16,
    "d_model": 64,
    "nhead": 8,
    "batch_size": 128,
    "learning_rate": 0.0001,
    "dropout": 0.1
  }
}